scenario,num_aircraft,conflict_type,agent_type,model_name,temperature,runtime,num_total_commands,num_send_commands,score,log,final_details
ac_2_converging_1,2,converging,single_agent,llama3_70b_8192,0p3,171.9533338000001,6,1,1,"

> Entering new AgentExecutor chain...

Invoking: `GETALLAIRCRAFTINFO` with `{'command': 'GETACIDS'}`


LLM input:GETACIDS
FLIGHT2
Aircraft idx: ['FLIGHT1', 'FLIGHT2']
Info on FLIGHT1 B744 index = 0
Pos: N00'35'43.0""  E000'00'0.0""
Hdg: 180   Trk: 180
Alt: 20000 ft  V/S: 0 fpm
CAS/TAS/GS: 361/477/477 kts   M: 0.776

Info on FLIGHT2 B744 index = 1
Pos: N00'25'16.0""  E000'25'16.0""
Hdg: 225   Trk: 225
Alt: 20000 ft  V/S: 0 fpm
CAS/TAS/GS: 361/477/477 kts   M: 0.776


Invoking: `GETCONFLICTINFO` with `{'command': 'SHOWTCPA'}`


Aircraft Pairs in Conflict and their TCPA (sec):
FLIGHT1 - FLIGHT2 | TCPA: 259.71 sec | QDR: 112.50 deg | Distance: 25.55 Nautical miles | DCPA: 0.00 Nautical miles | tLOS: 208.89 sec
Number of aircraft in conflict: 2

Invoking: `CONTINUEMONITORING` with `{'duration': 5}`


Aircraft Pairs in Conflict and their TCPA (sec):
FLIGHT1 - FLIGHT2 | TCPA: 236.71 sec | QDR: 112.50 deg | Distance: 23.29 Nautical miles | DCPA: 0.00 Nautical miles | tLOS: 185.89 sec
Number of aircraft in conflict: 2

 After 5 seconds 
Aircraft Pairs in Conflict and their TCPA (sec):
FLIGHT1 - FLIGHT2 | TCPA: 236.71 sec | QDR: 112.50 deg | Distance: 23.29 Nautical miles | DCPA: 0.00 Nautical miles | tLOS: 185.89 sec
Number of aircraft in conflict: 2

Invoking: `SENDCOMMAND` with `{'command': 'ALT FLIGHT2 22000'}`


ALT FLIGHT2 22000
Command executed successfully.
Invoking: `GETALLAIRCRAFTINFO` with `{'command': 'GETACIDS'}`


LLM input:GETACIDS
FLIGHT2
Aircraft idx: ['FLIGHT1', 'FLIGHT2']
Info on FLIGHT1 B744 index = 0
Pos: N00'24'16.0""  E000'00'0.0""
Hdg: 180   Trk: 180
Alt: 20000 ft  V/S: 0 fpm
CAS/TAS/GS: 350/463/463 kts   M: 0.753

Info on FLIGHT2 B744 index = 1
Pos: N00'17'7.0""  E000'17'7.0""
Hdg: 225   Trk: 225
Alt: 20582 ft  V/S: 1500 fpm
CAS/TAS/GS: 358/476/476 kts   M: 0.777


Invoking: `GETCONFLICTINFO` with `{'command': 'SHOWTCPA'}`


No conflicts detected.
No more conflicts detected. The air traffic conflict has been successfully resolved.

> Finished chain.
",No crashes or conflicts detected.
ac_2_head_on_1,2,head-on,single_agent,llama3_70b_8192,0p3,162.85420909999993,6,1,1,"

> Entering new AgentExecutor chain...

Invoking: `GETALLAIRCRAFTINFO` with `{'command': 'GETACIDS'}`


LLM input:GETACIDS
KL420
Aircraft idx: ['KL204', 'KL420']
Info on KL204 B744 index = 0
Pos: N52'00'0.0""  E003'55'44.0""
Hdg: 270   Trk: 270
Alt: 25000 ft  V/S: 0 fpm
CAS/TAS/GS: 300/432/432 kts   M: 0.717

Info on KL420 B744 index = 1
Pos: N52'00'0.0""  E002'34'15.0""
Hdg: 090   Trk: 090
Alt: 25000 ft  V/S: 0 fpm
CAS/TAS/GS: 300/432/432 kts   M: 0.717


Invoking: `GETCONFLICTINFO` with `{'command': 'SHOWTCPA'}`


Aircraft Pairs in Conflict and their TCPA (sec):
KL204 - KL420 | TCPA: 190.32 sec | QDR: 270.00 deg | Distance: 45.63 Nautical miles | DCPA: 0.00 Nautical miles | tLOS: 169.46 sec
Number of aircraft in conflict: 2

Invoking: `CONTINUEMONITORING` with `{'duration': 5}`


Aircraft Pairs in Conflict and their TCPA (sec):
KL204 - KL420 | TCPA: 169.32 sec | QDR: 270.00 deg | Distance: 40.59 Nautical miles | DCPA: 0.00 Nautical miles | tLOS: 148.46 sec
Number of aircraft in conflict: 2

 After 5 seconds 
Aircraft Pairs in Conflict and their TCPA (sec):
KL204 - KL420 | TCPA: 168.32 sec | QDR: 270.00 deg | Distance: 40.35 Nautical miles | DCPA: 0.00 Nautical miles | tLOS: 147.46 sec
Number of aircraft in conflict: 2

Invoking: `SENDCOMMAND` with `{'command': 'ALT KL420 24000'}`


ALT KL420 24000
Command executed successfully.
Invoking: `GETALLAIRCRAFTINFO` with `{'command': 'GETACIDS'}`


LLM input:GETACIDS
KL420
Aircraft idx: ['KL204', 'KL420']
Info on KL204 B744 index = 0
Pos: N52'00'0.0""  E003'38'34.0""
Hdg: 270   Trk: 270
Alt: 25000 ft  V/S: 0 fpm
CAS/TAS/GS: 300/432/432 kts   M: 0.717

Info on KL420 B744 index = 1
Pos: N52'00'0.0""  E002'51'24.0""
Hdg: 090   Trk: 090
Alt: 24454 ft  V/S: -1500 fpm
CAS/TAS/GS: 300/428/428 kts   M: 0.709


Invoking: `GETCONFLICTINFO` with `{'command': 'SHOWTCPA'}`


No conflicts detected.
The conflict has been resolved. No further action is needed.

> Finished chain.
",No crashes or conflicts detected.
ac_2_parallel_1,2,parallel,single_agent,llama3_70b_8192,0p3,132.7100587,5,1,1,"

> Entering new AgentExecutor chain...

Invoking: `GETALLAIRCRAFTINFO` with `{'command': 'GETACIDS'}`


LLM input:GETACIDS
KL820
Aircraft idx: ['GJ231', 'KL820']
Info on GJ231 A320 index = 0
Pos: N54'00'0.0""  E008'02'51.0""
Hdg: 090   Trk: 090
Alt: 20000 ft  V/S: 0 fpm
CAS/TAS/GS: 200/271/271 kts   M: 0.440

Info on KL820 A320 index = 1
Pos: N54'02'24.0""  E008'02'51.0""
Hdg: 090   Trk: 090
Alt: 20000 ft  V/S: 0 fpm
CAS/TAS/GS: 200/271/271 kts   M: 0.440


Invoking: `GETCONFLICTINFO` with `{'command': 'SHOWTCPA'}`


Aircraft Pairs in Conflict and their TCPA (sec):
GJ231 - KL820 | TCPA: 0.00 sec | QDR: 0.07 deg | Distance: 2.40 Nautical miles | DCPA: 2.40 Nautical miles | tLOS: -8121863.78 sec
Number of aircraft in conflict: 2

Invoking: `SENDCOMMAND` with `{'command': 'ALT GJ231 22000'}`


ALT GJ231 22000
Command executed successfully.
Invoking: `GETALLAIRCRAFTINFO` with `{'command': 'GETACIDS'}`


LLM input:GETACIDS
KL820
Aircraft idx: ['GJ231', 'KL820']
Info on GJ231 A320 index = 0
Pos: N54'00'0.0""  E008'10'48.0""
Hdg: 090   Trk: 090
Alt: 20494 ft  V/S: 1500 fpm
CAS/TAS/GS: 200/273/273 kts   M: 0.445

Info on KL820 A320 index = 1
Pos: N54'02'24.0""  E008'10'48.0""
Hdg: 090   Trk: 090
Alt: 20000 ft  V/S: 0 fpm
CAS/TAS/GS: 200/271/271 kts   M: 0.440


Invoking: `GETCONFLICTINFO` with `{'command': 'SHOWTCPA'}`


No conflicts detected.
Since there are no more conflicts, I will respond directly without using a tool. The conflict has been successfully resolved.

> Finished chain.
",No crashes or conflicts detected.
ac_2_t_formation_1,2,t-formation,single_agent,llama3_70b_8192,0p3,132.7349177000001,5,1,1,"

> Entering new AgentExecutor chain...

Invoking: `GETALLAIRCRAFTINFO` with `{'command': 'GETACIDS'}`


LLM input:GETACIDS
HV296
Aircraft idx: ['CX520', 'HV296']
Info on CX520 B744 index = 0
Pos: N00'51'53.0""  E000'00'0.0""
Hdg: 000   Trk: 000
Alt: 20000 ft  V/S: 0 fpm
CAS/TAS/GS: 380/500/500 kts   M: 0.814

Info on HV296 B744 index = 1
Pos: N01'30'0.0""  E000'37'41.0""
Hdg: 270   Trk: 270
Alt: 20000 ft  V/S: 0 fpm
CAS/TAS/GS: 380/500/500 kts   M: 0.814


Invoking: `GETCONFLICTINFO` with `{'command': 'SHOWTCPA'}`


Aircraft Pairs in Conflict and their TCPA (sec):
CX520 - HV296 | TCPA: 264.56 sec | QDR: 44.65 deg | Distance: 50.15 Nautical miles | DCPA: 0.30 Nautical miles | tLOS: 238.23 sec
Number of aircraft in conflict: 2

Invoking: `SENDCOMMAND` with `{'command': 'ALT CX520 22000'}`


ALT CX520 22000
Command executed successfully.
Invoking: `GETALLAIRCRAFTINFO` with `{'command': 'GETACIDS'}`


LLM input:GETACIDS
HV296
Aircraft idx: ['CX520', 'HV296']
Info on CX520 B744 index = 0
Pos: N01'00'10.0""  E000'00'0.0""
Hdg: 000   Trk: 000
Alt: 20487 ft  V/S: 1500 fpm
CAS/TAS/GS: 358/476/476 kts   M: 0.777

Info on HV296 B744 index = 1
Pos: N01'30'0.0""  E000'29'27.0""
Hdg: 270   Trk: 270
Alt: 20000 ft  V/S: 0 fpm
CAS/TAS/GS: 350/463/463 kts   M: 0.753


Invoking: `GETCONFLICTINFO` with `{'command': 'SHOWTCPA'}`


No conflicts detected.
Since there are no more conflicts, I will respond directly without using a tool. The conflicts have been successfully resolved.

> Finished chain.
",No crashes or conflicts detected.
ac_3_converging_1,3,converging,single_agent,llama3_70b_8192,0p3,357.60960699999987,11,3,1,"

> Entering new AgentExecutor chain...

Invoking: `GETALLAIRCRAFTINFO` with `{'command': 'GETACIDS'}`


LLM input:GETACIDS
KL1002
Aircraft idx: ['KL1001', 'KL1002', 'KL1003']
Info on KL1001 A310 index = 0
Pos: N00'37'11.0""  E000'00'0.0""
Hdg: 180   Trk: 180
Alt: 20000 ft  V/S: 0 fpm
CAS/TAS/GS: 349/462/462 kts   M: 0.751

Info on KL1002 A310 index = 1
Pos: N00'26'17.0""  E000'26'17.0""
Hdg: 225   Trk: 225
Alt: 20000 ft  V/S: 0 fpm
CAS/TAS/GS: 349/462/462 kts   M: 0.751

Info on KL1003 A310 index = 2
Pos: S00'00'0.0""  E000'37'11.0""
Hdg: 270   Trk: 270
Alt: 20000 ft  V/S: 0 fpm
CAS/TAS/GS: 349/462/462 kts   M: 0.751


Invoking: `GETCONFLICTINFO` with `{'command': 'SHOWTCPA'}`


Aircraft Pairs in Conflict and their TCPA (sec):
KL1001 - KL1002 | TCPA: 282.56 sec | QDR: 112.50 deg | Distance: 26.56 Nautical miles | DCPA: 0.00 Nautical miles | tLOS: 229.36 sec
KL1001 - KL1003 | TCPA: 282.56 sec | QDR: 135.00 deg | Distance: 49.07 Nautical miles | DCPA: 0.00 Nautical miles | tLOS: 253.77 sec
KL1002 - KL1003 | TCPA: 282.56 sec | QDR: 292.50 deg | Distance: 26.56 Nautical miles | DCPA: 0.00 Nautical miles | tLOS: 229.36 sec
Number of aircraft in conflict: 3

Invoking: `SENDCOMMAND` with `{'command': 'HDG KL1001 190'}`


HDG KL1001 190
Command executed successfully.
Invoking: `GETALLAIRCRAFTINFO` with `{'command': 'GETACIDS'}`


LLM input:GETACIDS
KL1002
Aircraft idx: ['KL1001', 'KL1002', 'KL1003']
Info on KL1001 A310 index = 0
Pos: N00'29'4.0""  W000'00'25.0""
Hdg: 190   Trk: 190
Alt: 20000 ft  V/S: 0 fpm
CAS/TAS/GS: 319/424/424 kts   M: 0.690

Info on KL1002 A310 index = 1
Pos: N00'20'32.0""  E000'20'32.0""
Hdg: 225   Trk: 225
Alt: 20000 ft  V/S: 0 fpm
CAS/TAS/GS: 319/424/424 kts   M: 0.690

Info on KL1003 A310 index = 2
Pos: S00'00'0.0""  E000'29'2.0""
Hdg: 270   Trk: 270
Alt: 20000 ft  V/S: 0 fpm
CAS/TAS/GS: 319/424/424 kts   M: 0.690


Invoking: `GETCONFLICTINFO` with `{'command': 'SHOWTCPA'}`


Aircraft Pairs in Conflict and their TCPA (sec):
KL1001 - KL1002 | TCPA: 292.96 sec | QDR: 111.70 deg | Distance: 20.85 Nautical miles | DCPA: 2.11 Nautical miles | tLOS: 228.92 sec
KL1001 - KL1003 | TCPA: 246.95 sec | QDR: 134.07 deg | Distance: 37.58 Nautical miles | DCPA: 3.89 Nautical miles | tLOS: 226.17 sec
KL1002 - KL1003 | TCPA: 292.96 sec | QDR: 291.70 deg | Distance: 20.85 Nautical miles | DCPA: 2.11 Nautical miles | tLOS: 228.92 sec
Number of aircraft in conflict: 3

Invoking: `SENDCOMMAND` with `{'command': 'ALT KL1002 22000'}`


ALT KL1002 22000
Command executed successfully.
Invoking: `GETALLAIRCRAFTINFO` with `{'command': 'GETACIDS'}`


LLM input:GETACIDS
KL1002
Aircraft idx: ['KL1001', 'KL1002', 'KL1003']
Info on KL1001 A310 index = 0
Pos: N00'19'7.0""  W000'02'10.0""
Hdg: 190   Trk: 190
Alt: 20000 ft  V/S: 0 fpm
CAS/TAS/GS: 319/424/424 kts   M: 0.690

Info on KL1002 A310 index = 1
Pos: N00'13'19.0""  E000'13'19.0""
Hdg: 225   Trk: 225
Alt: 20693 ft  V/S: 1500 fpm
CAS/TAS/GS: 325/437/437 kts   M: 0.713

Info on KL1003 A310 index = 2
Pos: S00'00'0.0""  E000'18'56.0""
Hdg: 270   Trk: 270
Alt: 20000 ft  V/S: 0 fpm
CAS/TAS/GS: 319/424/424 kts   M: 0.690


Invoking: `GETCONFLICTINFO` with `{'command': 'SHOWTCPA'}`


Aircraft Pairs in Conflict and their TCPA (sec):
KL1001 - KL1003 | TCPA: 153.96 sec | QDR: 130.53 deg | Distance: 23.63 Nautical miles | DCPA: 3.89 Nautical miles | tLOS: 133.17 sec
Number of aircraft in conflict: 2

Invoking: `SENDCOMMAND` with `{'command': 'ALT KL1003 18000'}`


ALT KL1003 18000
Command executed successfully.
Invoking: `GETALLAIRCRAFTINFO` with `{'command': 'GETACIDS'}`


LLM input:GETACIDS
KL1002
Aircraft idx: ['KL1001', 'KL1002', 'KL1003']
Info on KL1001 A310 index = 0
Pos: N00'06'53.0""  W000'04'20.0""
Hdg: 190   Trk: 190
Alt: 20000 ft  V/S: 0 fpm
CAS/TAS/GS: 319/424/424 kts   M: 0.690

Info on KL1002 A310 index = 1
Pos: N00'04'16.0""  E000'04'16.0""
Hdg: 225   Trk: 225
Alt: 22000 ft  V/S: 0 fpm
CAS/TAS/GS: 319/437/437 kts   M: 0.717

Info on KL1003 A310 index = 2
Pos: S00'00'0.0""  E000'06'36.0""
Hdg: 270   Trk: 270
Alt: 19161 ft  V/S: -1500 fpm
CAS/TAS/GS: 313/412/412 kts   M: 0.668


Invoking: `GETCONFLICTINFO` with `{'command': 'SHOWTCPA'}`


No conflicts detected.
No more conflicts detected. The air traffic control system is now conflict-free.

> Finished chain.
",No crashes or conflicts detected.
ac_3_head_on_1,3,head-on,single_agent,llama3_70b_8192,0p3,244.80147469999974,8,2,1,"

> Entering new AgentExecutor chain...

Invoking: `GETALLAIRCRAFTINFO` with `{'command': 'GETACIDS'}`


LLM input:GETACIDS
AB426
Aircraft idx: ['AB112', 'AB426', 'AB454']
Info on AB112 A330 index = 0
Pos: N00'35'12.0""  E000'00'0.0""
Hdg: 180   Trk: 180
Alt: 30000 ft  V/S: 0 fpm
CAS/TAS/GS: 364/555/555 kts   M: 0.941

Info on AB426 A330 index = 1
Pos: S00'00'0.0""  E000'35'12.0""
Hdg: 270   Trk: 270
Alt: 30000 ft  V/S: 0 fpm
CAS/TAS/GS: 364/555/555 kts   M: 0.941

Info on AB454 A320 index = 2
Pos: S00'35'12.0""  E000'00'0.0""
Hdg: 000   Trk: 000
Alt: 30000 ft  V/S: 0 fpm
CAS/TAS/GS: 364/554/554 kts   M: 0.940


Invoking: `GETCONFLICTINFO` with `{'command': 'SHOWTCPA'}`


Aircraft Pairs in Conflict and their TCPA (sec):
AB112 - AB426 | TCPA: 217.15 sec | QDR: 135.00 deg | Distance: 45.74 Nautical miles | DCPA: 0.00 Nautical miles | tLOS: 193.42 sec
AB112 - AB454 | TCPA: 217.26 sec | QDR: 180.00 deg | Distance: 64.69 Nautical miles | DCPA: 0.00 Nautical miles | tLOS: 200.47 sec
AB426 - AB454 | TCPA: 217.15 sec | QDR: 315.00 deg | Distance: 45.74 Nautical miles | DCPA: 0.00 Nautical miles | tLOS: 193.42 sec
Number of aircraft in conflict: 3

Invoking: `SENDCOMMAND` with `{'command': 'HDG AB112 090'}`


HDG AB112 090
Command executed successfully.
Invoking: `GETALLAIRCRAFTINFO` with `{'command': 'GETACIDS'}`


LLM input:GETACIDS
AB426
Aircraft idx: ['AB112', 'AB426', 'AB454']
Info on AB112 A330 index = 0
Pos: N00'25'35.0""  E000'00'41.0""
Hdg: 156   Trk: 156
Alt: 30000 ft  V/S: 0 fpm
CAS/TAS/GS: 333/513/513 kts   M: 0.870

Info on AB426 A330 index = 1
Pos: S00'00'0.0""  E000'25'29.0""
Hdg: 270   Trk: 270
Alt: 30000 ft  V/S: 0 fpm
CAS/TAS/GS: 333/513/513 kts   M: 0.870

Info on AB454 A320 index = 2
Pos: S00'25'34.0""  E000'00'0.0""
Hdg: 000   Trk: 000
Alt: 30000 ft  V/S: 0 fpm
CAS/TAS/GS: 317/490/490 kts   M: 0.831


Invoking: `GETCONFLICTINFO` with `{'command': 'SHOWTCPA'}`


Aircraft Pairs in Conflict and their TCPA (sec):
AB426 - AB454 | TCPA: 159.86 sec | QDR: 224.55 deg | Distance: 30.97 Nautical miles | DCPA: 1.54 Nautical miles | tLOS: 135.27 sec
Number of aircraft in conflict: 2

Invoking: `SENDCOMMAND` with `{'command': 'ALT AB426 28000'}`


ALT AB426 28000
Command executed successfully.
Invoking: `GETALLAIRCRAFTINFO` with `{'command': 'GETACIDS'}`


LLM input:GETACIDS
AB426
Aircraft idx: ['AB112', 'AB426', 'AB454']
Info on AB112 A330 index = 0
Pos: N00'20'41.0""  E000'10'39.0""
Hdg: 090   Trk: 090
Alt: 30000 ft  V/S: 0 fpm
CAS/TAS/GS: 333/513/513 kts   M: 0.870

Info on AB426 A330 index = 1
Pos: S00'00'0.0""  E000'13'31.0""
Hdg: 270   Trk: 270
Alt: 29333 ft  V/S: -1500 fpm
CAS/TAS/GS: 340/517/517 kts   M: 0.875

Info on AB454 A320 index = 2
Pos: S00'14'33.0""  E000'00'0.0""
Hdg: 000   Trk: 000
Alt: 30000 ft  V/S: 0 fpm
CAS/TAS/GS: 304/471/471 kts   M: 0.800


Invoking: `GETCONFLICTINFO` with `{'command': 'SHOWTCPA'}`


No conflicts detected.
Since there are no conflicts detected, I will not call any tools for now. Instead, I will monitor the situation to ensure that no new conflicts arise. If you want to simulate a new scenario or introduce new aircraft, please let me know. Otherwise, I will assume that the air traffic control situation is stable and under control.

> Finished chain.
",No crashes or conflicts detected.
ac_3_parallel_1,3,parallel,single_agent,llama3_70b_8192,0p3,246.18400949999977,8,2,1,"

> Entering new AgentExecutor chain...

Invoking: `GETALLAIRCRAFTINFO` with `{'command': 'GETACIDS'}`


LLM input:GETACIDS
KL820
Aircraft idx: ['BZ221', 'KL820', 'PX821']
Info on BZ221 A340 index = 0
Pos: N09'56'12.0""  E008'06'0.0""
Hdg: 180   Trk: 180
Alt: 22000 ft  V/S: 0 fpm
CAS/TAS/GS: 377/511/511 kts   M: 0.838

Info on KL820 A330 index = 1
Pos: N09'56'12.0""  E008'07'48.0""
Hdg: 180   Trk: 180
Alt: 22000 ft  V/S: 0 fpm
CAS/TAS/GS: 377/511/511 kts   M: 0.838

Info on PX821 A320 index = 2
Pos: N09'56'12.0""  E008'09'0.0""
Hdg: 180   Trk: 180
Alt: 22000 ft  V/S: 0 fpm
CAS/TAS/GS: 377/510/510 kts   M: 0.837


Invoking: `GETCONFLICTINFO` with `{'command': 'SHOWTCPA'}`


Aircraft Pairs in Conflict and their TCPA (sec):
BZ221 - KL820 | TCPA: 0.00 sec | QDR: 90.00 deg | Distance: 1.77 Nautical miles | DCPA: 1.77 Nautical miles | tLOS: -8657254.09 sec
BZ221 - PX821 | TCPA: -45.50 sec | QDR: 89.89 deg | Distance: 2.96 Nautical miles | DCPA: 2.96 Nautical miles | tLOS: -32793.38 sec
KL820 - PX821 | TCPA: 0.00 sec | QDR: 270.00 deg | Distance: 1.77 Nautical miles | DCPA: 1.77 Nautical miles | tLOS: -8657254.09 sec
Number of aircraft in conflict: 3

Invoking: `SENDCOMMAND` with `{'command': 'HDG BZ221 190'}`


HDG BZ221 190
Command executed successfully.
Invoking: `GETALLAIRCRAFTINFO` with `{'command': 'GETACIDS'}`


LLM input:GETACIDS
KL820
Aircraft idx: ['BZ221', 'KL820', 'PX821']
Info on BZ221 A340 index = 0
Pos: N09'47'9.0""  E008'05'32.0""
Hdg: 190   Trk: 190
Alt: 22000 ft  V/S: 0 fpm
CAS/TAS/GS: 350/476/476 kts   M: 0.782

Info on KL820 A330 index = 1
Pos: N09'47'7.0""  E008'07'48.0""
Hdg: 180   Trk: 180
Alt: 22000 ft  V/S: 0 fpm
CAS/TAS/GS: 350/476/476 kts   M: 0.782

Info on PX821 A320 index = 2
Pos: N09'47'16.0""  E008'09'0.0""
Hdg: 180   Trk: 180
Alt: 22000 ft  V/S: 0 fpm
CAS/TAS/GS: 325/445/445 kts   M: 0.730


Invoking: `GETCONFLICTINFO` with `{'command': 'SHOWTCPA'}`


Aircraft Pairs in Conflict and their TCPA (sec):
BZ221 - KL820 | TCPA: -121.88 sec | QDR: 91.79 deg | Distance: 2.82 Nautical miles | DCPA: 0.16 Nautical miles | tLOS: -338.53 sec
BZ221 - PX821 | TCPA: -152.94 sec | QDR: 85.07 deg | Distance: 4.01 Nautical miles | DCPA: 1.24 Nautical miles | tLOS: -347.07 sec
KL820 - PX821 | TCPA: -121.88 sec | QDR: 271.79 deg | Distance: 2.82 Nautical miles | DCPA: 0.16 Nautical miles | tLOS: -338.53 sec
Number of aircraft in conflict: 3

Invoking: `SENDCOMMAND` with `{'command': 'ALT KL820 21000'}`


ALT KL820 21000
Command executed successfully.
Invoking: `GETALLAIRCRAFTINFO` with `{'command': 'GETACIDS'}`


LLM input:GETACIDS
KL820
Aircraft idx: ['BZ221', 'KL820', 'PX821']
Info on BZ221 A340 index = 0
Pos: N09'35'55.0""  E008'03'31.0""
Hdg: 190   Trk: 190
Alt: 22000 ft  V/S: 0 fpm
CAS/TAS/GS: 350/476/476 kts   M: 0.782

Info on KL820 A330 index = 1
Pos: N09'35'45.0""  E008'07'48.0""
Hdg: 180   Trk: 180
Alt: 21281 ft  V/S: -1500 fpm
CAS/TAS/GS: 348/470/470 kts   M: 0.768

Info on PX821 A320 index = 2
Pos: N09'36'51.0""  E008'09'0.0""
Hdg: 180   Trk: 180
Alt: 22000 ft  V/S: 0 fpm
CAS/TAS/GS: 317/434/434 kts   M: 0.712


Invoking: `GETCONFLICTINFO` with `{'command': 'SHOWTCPA'}`


No conflicts detected.
No more conflicts detected. I will not call any more tools. The conflicts have been resolved.

> Finished chain.
",No crashes or conflicts detected.
ac_3_t_formation_1,3,t-formation,single_agent,llama3_70b_8192,0p3,242.0351357999998,8,2,1,"

> Entering new AgentExecutor chain...

Invoking: `GETALLAIRCRAFTINFO` with `{'command': 'GETACIDS'}`


LLM input:GETACIDS
KL0003
Aircraft idx: ['KL0001', 'KL0003', 'KL0005']
Info on KL0001 B744 index = 0
Pos: N00'36'21.0""  E000'00'0.0""
Hdg: 180   Trk: 180
Alt: 20000 ft  V/S: 0 fpm
CAS/TAS/GS: 365/481/481 kts   M: 0.784

Info on KL0003 B744 index = 1
Pos: N00'00'0.0""  W000'36'21.0""
Hdg: 090   Trk: 090
Alt: 20000 ft  V/S: 0 fpm
CAS/TAS/GS: 365/481/481 kts   M: 0.784

Info on KL0005 B744 index = 2
Pos: S00'36'21.0""  E000'00'0.0""
Hdg: 000   Trk: 000
Alt: 20000 ft  V/S: 0 fpm
CAS/TAS/GS: 365/481/481 kts   M: 0.784


Invoking: `GETCONFLICTINFO` with `{'command': 'SHOWTCPA'}`


Aircraft Pairs in Conflict and their TCPA (sec):
KL0001 - KL0003 | TCPA: 262.71 sec | QDR: 225.00 deg | Distance: 47.76 Nautical miles | DCPA: 0.00 Nautical miles | tLOS: 235.21 sec
KL0001 - KL0005 | TCPA: 262.71 sec | QDR: 180.00 deg | Distance: 67.55 Nautical miles | DCPA: 0.00 Nautical miles | tLOS: 243.27 sec
KL0003 - KL0005 | TCPA: 262.71 sec | QDR: 45.00 deg | Distance: 47.76 Nautical miles | DCPA: 0.00 Nautical miles | tLOS: 235.21 sec
Number of aircraft in conflict: 3

Invoking: `SENDCOMMAND` with `{'command': 'HDG KL0001 090'}`


HDG KL0001 090
Command executed successfully.
Invoking: `GETALLAIRCRAFTINFO` with `{'command': 'GETACIDS'}`


LLM input:GETACIDS
KL0003
Aircraft idx: ['KL0001', 'KL0003', 'KL0005']
Info on KL0001 B744 index = 0
Pos: N00'27'47.0""  E000'00'46.0""
Hdg: 152   Trk: 152
Alt: 20000 ft  V/S: 0 fpm
CAS/TAS/GS: 350/463/463 kts   M: 0.753

Info on KL0003 B744 index = 1
Pos: N00'00'0.0""  W000'27'40.0""
Hdg: 090   Trk: 090
Alt: 20000 ft  V/S: 0 fpm
CAS/TAS/GS: 350/463/463 kts   M: 0.753

Info on KL0005 B744 index = 2
Pos: S00'27'40.0""  E000'00'0.0""
Hdg: 000   Trk: 000
Alt: 20000 ft  V/S: 0 fpm
CAS/TAS/GS: 350/463/463 kts   M: 0.753


Invoking: `GETCONFLICTINFO` with `{'command': 'SHOWTCPA'}`


Aircraft Pairs in Conflict and their TCPA (sec):
KL0003 - KL0005 | TCPA: 189.71 sec | QDR: 135.00 deg | Distance: 34.49 Nautical miles | DCPA: 0.00 Nautical miles | tLOS: 162.21 sec
Number of aircraft in conflict: 2

Invoking: `SENDCOMMAND` with `{'command': 'ALT KL0005 22000'}`


ALT KL0005 22000
Command executed successfully.
Invoking: `GETALLAIRCRAFTINFO` with `{'command': 'GETACIDS'}`


LLM input:GETACIDS
KL0003
Aircraft idx: ['KL0001', 'KL0003', 'KL0005']
Info on KL0001 B744 index = 0
Pos: N00'24'13.0""  E000'10'15.0""
Hdg: 090   Trk: 090
Alt: 20000 ft  V/S: 0 fpm
CAS/TAS/GS: 350/463/463 kts   M: 0.753

Info on KL0003 B744 index = 1
Pos: N00'00'0.0""  W000'16'49.0""
Hdg: 090   Trk: 090
Alt: 20000 ft  V/S: 0 fpm
CAS/TAS/GS: 350/463/463 kts   M: 0.753

Info on KL0005 B744 index = 2
Pos: S00'16'45.0""  E000'00'0.0""
Hdg: 000   Trk: 000
Alt: 20567 ft  V/S: 1500 fpm
CAS/TAS/GS: 358/476/476 kts   M: 0.777


Invoking: `GETCONFLICTINFO` with `{'command': 'SHOWTCPA'}`


No conflicts detected.
No more conflicts detected. The air traffic conflicts have been successfully resolved.

> Finished chain.
",No crashes or conflicts detected.
ac_4_converging_1,4,converging,single_agent,llama3_70b_8192,0p3,414.75303949999943,11,3,1,"

> Entering new AgentExecutor chain...

Invoking: `GETALLAIRCRAFTINFO` with `{'command': 'GETACIDS'}`


LLM input:GETACIDS
KL9002
Aircraft idx: ['KL9001', 'KL9002', 'KL9003', 'KL9008']
Info on KL9001 B744 index = 0
Pos: N00'36'22.0""  E000'00'0.0""
Hdg: 180   Trk: 180
Alt: 20000 ft  V/S: 0 fpm
CAS/TAS/GS: 365/482/482 kts   M: 0.784

Info on KL9002 B744 index = 1
Pos: N00'25'43.0""  E000'25'43.0""
Hdg: 225   Trk: 225
Alt: 20000 ft  V/S: 0 fpm
CAS/TAS/GS: 365/482/482 kts   M: 0.784

Info on KL9003 B744 index = 2
Pos: S00'00'0.0""  E000'36'22.0""
Hdg: 270   Trk: 270
Alt: 20000 ft  V/S: 0 fpm
CAS/TAS/GS: 365/482/482 kts   M: 0.784

Info on KL9008 B744 index = 3
Pos: N00'25'43.0""  W000'25'43.0""
Hdg: 135   Trk: 135
Alt: 20000 ft  V/S: 0 fpm
CAS/TAS/GS: 365/482/482 kts   M: 0.784


Invoking: `GETCONFLICTINFO` with `{'command': 'SHOWTCPA'}`


Aircraft Pairs in Conflict and their TCPA (sec):
KL9001 - KL9002 | TCPA: 263.56 sec | QDR: 112.50 deg | Distance: 25.95 Nautical miles | DCPA: 0.00 Nautical miles | tLOS: 212.77 sec
KL9001 - KL9003 | TCPA: 263.56 sec | QDR: 135.00 deg | Distance: 47.94 Nautical miles | DCPA: 0.00 Nautical miles | tLOS: 236.07 sec
KL9001 - KL9008 | TCPA: 263.56 sec | QDR: 247.50 deg | Distance: 25.95 Nautical miles | DCPA: 0.00 Nautical miles | tLOS: 212.77 sec
KL9002 - KL9003 | TCPA: 263.56 sec | QDR: 292.50 deg | Distance: 25.95 Nautical miles | DCPA: 0.00 Nautical miles | tLOS: 212.77 sec
KL9002 - KL9008 | TCPA: 263.57 sec | QDR: 157.50 deg | Distance: 25.95 Nautical miles | DCPA: 0.00 Nautical miles | tLOS: 212.78 sec
KL9003 - KL9008 | TCPA: 263.57 sec | QDR: 270.00 deg | Distance: 47.95 Nautical miles | DCPA: 0.00 Nautical miles | tLOS: 236.08 sec
Number of aircraft in conflict: 4

Invoking: `SENDCOMMAND` with `{'command': 'HDG KL9001 190'}`


HDG KL9001 190
Command executed successfully.
Invoking: `GETALLAIRCRAFTINFO` with `{'command': 'GETACIDS'}`


LLM input:GETACIDS
KL9002
Aircraft idx: ['KL9001', 'KL9002', 'KL9003', 'KL9008']
Info on KL9001 B744 index = 0
Pos: N00'27'8.0""  W000'00'30.0""
Hdg: 190   Trk: 190
Alt: 20000 ft  V/S: 0 fpm
CAS/TAS/GS: 350/463/463 kts   M: 0.753

Info on KL9002 B744 index = 1
Pos: N00'19'9.0""  E000'19'9.0""
Hdg: 225   Trk: 225
Alt: 20000 ft  V/S: 0 fpm
CAS/TAS/GS: 350/463/463 kts   M: 0.753

Info on KL9003 B744 index = 2
Pos: S00'00'0.0""  E000'27'5.0""
Hdg: 270   Trk: 270
Alt: 20000 ft  V/S: 0 fpm
CAS/TAS/GS: 350/463/463 kts   M: 0.753

Info on KL9008 B744 index = 3
Pos: N00'19'9.0""  W000'19'9.0""
Hdg: 135   Trk: 135
Alt: 20000 ft  V/S: 0 fpm
CAS/TAS/GS: 350/463/463 kts   M: 0.753


Invoking: `GETCONFLICTINFO` with `{'command': 'SHOWTCPA'}`


Aircraft Pairs in Conflict and their TCPA (sec):
KL9001 - KL9002 | TCPA: 245.22 sec | QDR: 111.46 deg | Distance: 19.07 Nautical miles | DCPA: 2.01 Nautical miles | tLOS: 185.99 sec
KL9001 - KL9003 | TCPA: 205.09 sec | QDR: 133.77 deg | Distance: 34.10 Nautical miles | DCPA: 3.70 Nautical miles | tLOS: 184.75 sec
KL9001 - KL9008 | TCPA: 141.99 sec | QDR: 245.74 deg | Distance: 16.98 Nautical miles | DCPA: 2.00 Nautical miles | tLOS: 103.38 sec
KL9002 - KL9003 | TCPA: 245.22 sec | QDR: 291.46 deg | Distance: 19.07 Nautical miles | DCPA: 2.01 Nautical miles | tLOS: 185.99 sec
KL9002 - KL9008 | TCPA: 182.72 sec | QDR: 157.50 deg | Distance: 17.98 Nautical miles | DCPA: 0.00 Nautical miles | tLOS: 131.90 sec
KL9003 - KL9008 | TCPA: 182.72 sec | QDR: 270.00 deg | Distance: 33.22 Nautical miles | DCPA: 0.00 Nautical miles | tLOS: 155.22 sec
Number of aircraft in conflict: 4

Invoking: `SENDCOMMAND` with `{'command': 'ALT KL9002 18000'}`


ALT KL9002 18000
Command executed successfully.
Invoking: `GETALLAIRCRAFTINFO` with `{'command': 'GETACIDS'}`


LLM input:GETACIDS
KL9002
Aircraft idx: ['KL9001', 'KL9002', 'KL9003', 'KL9008']
Info on KL9001 B744 index = 0
Pos: N00'14'35.0""  W000'02'42.0""
Hdg: 190   Trk: 190
Alt: 20000 ft  V/S: 0 fpm
CAS/TAS/GS: 350/463/463 kts   M: 0.753

Info on KL9002 B744 index = 1
Pos: N00'10'14.0""  E000'10'14.0""
Hdg: 225   Trk: 225
Alt: 19151 ft  V/S: -1500 fpm
CAS/TAS/GS: 344/450/450 kts   M: 0.730

Info on KL9003 B744 index = 2
Pos: S00'00'0.0""  E000'14'21.0""
Hdg: 270   Trk: 270
Alt: 20000 ft  V/S: 0 fpm
CAS/TAS/GS: 350/463/463 kts   M: 0.753

Info on KL9008 B744 index = 3
Pos: N00'10'9.0""  W000'10'9.0""
Hdg: 135   Trk: 135
Alt: 20000 ft  V/S: 0 fpm
CAS/TAS/GS: 350/463/463 kts   M: 0.753


Invoking: `GETCONFLICTINFO` with `{'command': 'SHOWTCPA'}`


Aircraft Pairs in Conflict and their TCPA (sec):
KL9001 - KL9003 | TCPA: 96.09 sec | QDR: 126.88 deg | Distance: 16.31 Nautical miles | DCPA: 3.70 Nautical miles | tLOS: 75.75 sec
KL9001 - KL9008 | TCPA: 32.99 sec | QDR: 225.47 deg | Distance: 4.40 Nautical miles | DCPA: 2.00 Nautical miles | tLOS: -5.62 sec
KL9003 - KL9008 | TCPA: 96.09 sec | QDR: 306.88 deg | Distance: 16.31 Nautical miles | DCPA: 3.70 Nautical miles | tLOS: 75.75 sec
Number of aircraft in conflict: 3

Invoking: `SENDCOMMAND` with `{'command': 'HDG KL9008 160'}`


HDG KL9008 160
Command executed successfully.
Invoking: `GETALLAIRCRAFTINFO` with `{'command': 'GETACIDS'}`


LLM input:GETACIDS
KL9002
Aircraft idx: ['KL9001', 'KL9002', 'KL9003', 'KL9008']
Info on KL9001 B744 index = 0
Pos: S00'01'9.0""  W000'05'29.0""
Hdg: 190   Trk: 190
Alt: 20000 ft  V/S: 0 fpm
CAS/TAS/GS: 350/463/463 kts   M: 0.753

Info on KL9002 B744 index = 1
Pos: S00'00'45.0""  W000'00'45.0""
Hdg: 225   Trk: 225
Alt: 18000 ft  V/S: 0 fpm
CAS/TAS/GS: 350/450/450 kts   M: 0.726

Info on KL9003 B744 index = 2
Pos: S00'00'0.0""  W000'01'37.0""
Hdg: 270   Trk: 270
Alt: 20000 ft  V/S: 0 fpm
CAS/TAS/GS: 350/463/463 kts   M: 0.753

Info on KL9008 B744 index = 3
Pos: S00'02'9.0""  W000'00'20.0""
Hdg: 160   Trk: 160
Alt: 20000 ft  V/S: 0 fpm
CAS/TAS/GS: 350/463/463 kts   M: 0.753


Invoking: `GETCONFLICTINFO` with `{'command': 'SHOWTCPA'}`


No conflicts detected.
It seems that all conflicts have been resolved. No further action is needed.

> Finished chain.
",No crashes or conflicts detected.
ac_4_head_on_1,4,head-on,single_agent,llama3_70b_8192,0p3,406.9050847999997,11,3,1,"

> Entering new AgentExecutor chain...

Invoking: `GETALLAIRCRAFTINFO` with `{'command': 'GETACIDS'}`


LLM input:GETACIDS
KL7004
Aircraft idx: ['KL7002', 'KL7004', 'KL7006', 'KL7008']
Info on KL7002 B744 index = 0
Pos: N00'25'12.0""  E000'25'12.0""
Hdg: 225   Trk: 225
Alt: 20000 ft  V/S: 0 fpm
CAS/TAS/GS: 350/463/463 kts   M: 0.753

Info on KL7004 B744 index = 1
Pos: S00'25'12.0""  E000'25'12.0""
Hdg: 315   Trk: 315
Alt: 20000 ft  V/S: 0 fpm
CAS/TAS/GS: 350/463/463 kts   M: 0.753

Info on KL7006 B744 index = 2
Pos: S00'25'12.0""  W000'25'12.0""
Hdg: 045   Trk: 045
Alt: 20000 ft  V/S: 0 fpm
CAS/TAS/GS: 350/463/463 kts   M: 0.753

Info on KL7008 B744 index = 3
Pos: N00'25'12.0""  W000'25'12.0""
Hdg: 135   Trk: 135
Alt: 20000 ft  V/S: 0 fpm
CAS/TAS/GS: 350/463/463 kts   M: 0.753


Invoking: `GETCONFLICTINFO` with `{'command': 'SHOWTCPA'}`


Aircraft Pairs in Conflict and their TCPA (sec):
KL7002 - KL7004 | TCPA: 257.87 sec | QDR: 180.00 deg | Distance: 46.88 Nautical miles | DCPA: 0.00 Nautical miles | tLOS: 230.37 sec
KL7002 - KL7006 | TCPA: 257.87 sec | QDR: 225.00 deg | Distance: 66.30 Nautical miles | DCPA: 0.00 Nautical miles | tLOS: 238.43 sec
KL7002 - KL7008 | TCPA: 257.87 sec | QDR: 270.00 deg | Distance: 46.88 Nautical miles | DCPA: 0.00 Nautical miles | tLOS: 230.36 sec
KL7004 - KL7006 | TCPA: 257.87 sec | QDR: 0.00 deg | Distance: 46.88 Nautical miles | DCPA: 0.00 Nautical miles | tLOS: 230.37 sec
KL7004 - KL7008 | TCPA: 257.87 sec | QDR: 270.00 deg | Distance: 46.88 Nautical miles | DCPA: 0.00 Nautical miles | tLOS: 230.36 sec
KL7006 - KL7008 | TCPA: 257.87 sec | QDR: 315.00 deg | Distance: 66.30 Nautical miles | DCPA: 0.00 Nautical miles | tLOS: 238.43 sec
Number of aircraft in conflict: 4

Invoking: `SENDCOMMAND` with `{'command': 'ALT KL7002 22000'}`


ALT KL7002 22000
Command executed successfully.
Invoking: `GETALLAIRCRAFTINFO` with `{'command': 'GETACIDS'}`


LLM input:GETACIDS
KL7004
Aircraft idx: ['KL7002', 'KL7004', 'KL7006', 'KL7008']
Info on KL7002 B744 index = 0
Pos: N00'18'43.0""  E000'18'43.0""
Hdg: 225   Trk: 225
Alt: 20592 ft  V/S: 1500 fpm
CAS/TAS/GS: 350/467/467 kts   M: 0.762

Info on KL7004 B744 index = 1
Pos: S00'18'44.0""  E000'18'44.0""
Hdg: 315   Trk: 315
Alt: 20000 ft  V/S: 0 fpm
CAS/TAS/GS: 350/463/463 kts   M: 0.753

Info on KL7006 B744 index = 2
Pos: S00'18'44.0""  W000'18'44.0""
Hdg: 045   Trk: 045
Alt: 20000 ft  V/S: 0 fpm
CAS/TAS/GS: 350/463/463 kts   M: 0.753

Info on KL7008 B744 index = 3
Pos: N00'18'44.0""  W000'18'44.0""
Hdg: 135   Trk: 135
Alt: 20000 ft  V/S: 0 fpm
CAS/TAS/GS: 350/463/463 kts   M: 0.753


Invoking: `GETCONFLICTINFO` with `{'command': 'SHOWTCPA'}`


Aircraft Pairs in Conflict and their TCPA (sec):
KL7004 - KL7006 | TCPA: 176.87 sec | QDR: 270.00 deg | Distance: 32.16 Nautical miles | DCPA: 0.00 Nautical miles | tLOS: 149.37 sec
KL7004 - KL7008 | TCPA: 176.87 sec | QDR: 315.00 deg | Distance: 45.48 Nautical miles | DCPA: 0.00 Nautical miles | tLOS: 157.43 sec
KL7006 - KL7008 | TCPA: 176.87 sec | QDR: 90.00 deg | Distance: 32.16 Nautical miles | DCPA: 0.00 Nautical miles | tLOS: 149.37 sec
Number of aircraft in conflict: 3

Invoking: `SENDCOMMAND` with `{'command': 'ALT KL7004 19000'}`


ALT KL7004 19000
Command executed successfully.
Invoking: `GETALLAIRCRAFTINFO` with `{'command': 'GETACIDS'}`


LLM input:GETACIDS
KL7004
Aircraft idx: ['KL7002', 'KL7004', 'KL7006', 'KL7008']
Info on KL7002 B744 index = 0
Pos: N00'09'43.0""  E000'09'43.0""
Hdg: 225   Trk: 225
Alt: 22000 ft  V/S: 0 fpm
CAS/TAS/GS: 350/476/476 kts   M: 0.782

Info on KL7004 B744 index = 1
Pos: S00'09'59.0""  E000'09'59.0""
Hdg: 315   Trk: 315
Alt: 19202 ft  V/S: -1500 fpm
CAS/TAS/GS: 349/456/456 kts   M: 0.740

Info on KL7006 B744 index = 2
Pos: S00'09'56.0""  W000'09'56.0""
Hdg: 045   Trk: 045
Alt: 20000 ft  V/S: 0 fpm
CAS/TAS/GS: 350/463/463 kts   M: 0.753

Info on KL7008 B744 index = 3
Pos: N00'09'56.0""  W000'09'56.0""
Hdg: 135   Trk: 135
Alt: 20000 ft  V/S: 0 fpm
CAS/TAS/GS: 350/463/463 kts   M: 0.753


Invoking: `GETCONFLICTINFO` with `{'command': 'SHOWTCPA'}`


Aircraft Pairs in Conflict and their TCPA (sec):
KL7006 - KL7008 | TCPA: 72.87 sec | QDR: 0.00 deg | Distance: 13.25 Nautical miles | DCPA: 0.00 Nautical miles | tLOS: 45.37 sec
Number of aircraft in conflict: 2

Invoking: `SENDCOMMAND` with `{'command': 'HDG KL7006 050'}`


HDG KL7006 050
Command executed successfully.
Invoking: `GETALLAIRCRAFTINFO` with `{'command': 'GETACIDS'}`


LLM input:GETACIDS
KL7004
Aircraft idx: ['KL7002', 'KL7004', 'KL7006', 'KL7008']
Info on KL7002 B744 index = 0
Pos: S00'01'16.0""  W000'01'16.0""
Hdg: 225   Trk: 225
Alt: 22000 ft  V/S: 0 fpm
CAS/TAS/GS: 350/476/476 kts   M: 0.782

Info on KL7004 B744 index = 1
Pos: N00'00'32.0""  W000'00'32.0""
Hdg: 315   Trk: 315
Alt: 19000 ft  V/S: 0 fpm
CAS/TAS/GS: 350/456/456 kts   M: 0.740

Info on KL7006 B744 index = 2
Pos: N00'00'25.0""  E000'01'2.0""
Hdg: 050   Trk: 050
Alt: 20000 ft  V/S: 0 fpm
CAS/TAS/GS: 350/463/463 kts   M: 0.753

Info on KL7008 B744 index = 3
Pos: S00'00'44.0""  E000'00'44.0""
Hdg: 135   Trk: 135
Alt: 20000 ft  V/S: 0 fpm
CAS/TAS/GS: 350/463/463 kts   M: 0.753


Invoking: `GETCONFLICTINFO` with `{'command': 'SHOWTCPA'}`


No conflicts detected.
It seems that all conflicts have been resolved. There is no need to call any more tools. The air traffic control system can now safely continue to monitor the aircraft.

> Finished chain.
",No crashes or conflicts detected.
ac_4_parallel_1,4,parallel,single_agent,llama3_70b_8192,0p3,476.51993609999954,12,4,-1,"

> Entering new AgentExecutor chain...

Invoking: `GETALLAIRCRAFTINFO` with `{'command': 'GETACIDS'}`


LLM input:GETACIDS
WL820
Aircraft idx: ['QZ221', 'WL820', 'TX821', 'VD322']
Info on QZ221 A380 index = 0
Pos: N30'06'5.0""  E028'06'0.0""
Hdg: 000   Trk: 000
Alt: 32000 ft  V/S: 0 fpm
CAS/TAS/GS: 423/650/650 kts   M: 1.113

Info on WL820 A380 index = 1
Pos: N30'06'5.0""  E028'07'12.0""
Hdg: 000   Trk: 000
Alt: 32000 ft  V/S: 0 fpm
CAS/TAS/GS: 423/650/650 kts   M: 1.113

Info on TX821 A320 index = 2
Pos: N30'06'5.0""  E028'07'48.0""
Hdg: 000   Trk: 000
Alt: 32000 ft  V/S: 0 fpm
CAS/TAS/GS: 423/650/650 kts   M: 1.112

Info on VD322 A320 index = 3
Pos: N30'06'5.0""  E028'08'24.0""
Hdg: 000   Trk: 000
Alt: 32000 ft  V/S: 0 fpm
CAS/TAS/GS: 423/650/650 kts   M: 1.112


Invoking: `GETCONFLICTINFO` with `{'command': 'SHOWTCPA'}`


Aircraft Pairs in Conflict and their TCPA (sec):
QZ221 - TX821 | TCPA: 0.00 sec | QDR: 90.00 deg | Distance: 1.04 Nautical miles | DCPA: 1.04 Nautical miles | tLOS: -9058152.56 sec
QZ221 - VD322 | TCPA: -51.50 sec | QDR: 90.23 deg | Distance: 1.56 Nautical miles | DCPA: 1.56 Nautical miles | tLOS: -38645.07 sec
QZ221 - WL820 | TCPA: -51.50 sec | QDR: 90.17 deg | Distance: 2.08 Nautical miles | DCPA: 2.08 Nautical miles | tLOS: -36997.29 sec
TX821 - VD322 | TCPA: 0.00 sec | QDR: 270.00 deg | Distance: 1.04 Nautical miles | DCPA: 1.04 Nautical miles | tLOS: -9058152.56 sec
TX821 - WL820 | TCPA: -51.50 sec | QDR: 90.70 deg | Distance: 0.52 Nautical miles | DCPA: 0.52 Nautical miles | tLOS: -40446.03 sec
VD322 - WL820 | TCPA: -51.50 sec | QDR: 90.35 deg | Distance: 1.04 Nautical miles | DCPA: 1.04 Nautical miles | tLOS: -39780.24 sec
Number of aircraft in conflict: 4

Invoking: `SENDCOMMAND` with `{'command': 'HDG QZ221 090'}`


HDG QZ221 090
Command executed successfully.
Invoking: `CONTINUEMONITORING` with `{'duration': 5}`


Aircraft Pairs in Conflict and their TCPA (sec):
QZ221 - TX821 | TCPA: 3.23 sec | QDR: 65.11 deg | Distance: 0.25 Nautical miles | DCPA: 0.15 Nautical miles | tLOS: -76.95 sec
QZ221 - VD322 | TCPA: 11.44 sec | QDR: 82.94 deg | Distance: 0.75 Nautical miles | DCPA: 0.23 Nautical miles | tLOS: -68.71 sec
QZ221 - WL820 | TCPA: 19.61 sec | QDR: 85.83 deg | Distance: 1.27 Nautical miles | DCPA: 0.33 Nautical miles | tLOS: -60.46 sec
TX821 - VD322 | TCPA: 3.23 sec | QDR: 245.11 deg | Distance: 0.25 Nautical miles | DCPA: 0.15 Nautical miles | tLOS: -76.95 sec
TX821 - WL820 | TCPA: -102.50 sec | QDR: 91.39 deg | Distance: 0.52 Nautical miles | DCPA: 0.52 Nautical miles | tLOS: -40497.67 sec
VD322 - WL820 | TCPA: -102.50 sec | QDR: 90.70 deg | Distance: 1.04 Nautical miles | DCPA: 1.04 Nautical miles | tLOS: -39833.84 sec
Number of aircraft in conflict: 4

 After 5 seconds 
Aircraft Pairs in Conflict and their TCPA (sec):
QZ221 - TX821 | TCPA: 2.11 sec | QDR: 54.34 deg | Distance: 0.20 Nautical miles | DCPA: 0.15 Nautical miles | tLOS: -75.19 sec
QZ221 - VD322 | TCPA: 10.02 sec | QDR: 81.28 deg | Distance: 0.69 Nautical miles | DCPA: 0.24 Nautical miles | tLOS: -67.26 sec
QZ221 - WL820 | TCPA: 17.88 sec | QDR: 85.02 deg | Distance: 1.20 Nautical miles | DCPA: 0.34 Nautical miles | tLOS: -59.31 sec
TX821 - VD322 | TCPA: 2.11 sec | QDR: 234.34 deg | Distance: 0.20 Nautical miles | DCPA: 0.15 Nautical miles | tLOS: -75.19 sec
TX821 - WL820 | TCPA: -103.50 sec | QDR: 91.41 deg | Distance: 0.52 Nautical miles | DCPA: 0.52 Nautical miles | tLOS: -40498.68 sec
VD322 - WL820 | TCPA: -103.50 sec | QDR: 90.70 deg | Distance: 1.04 Nautical miles | DCPA: 1.04 Nautical miles | tLOS: -39834.89 sec
Number of aircraft in conflict: 4

Invoking: `SENDCOMMAND` with `{'command': 'ALT TX821 31000'}`


ALT TX821 31000
Command executed successfully.
Invoking: `GETALLAIRCRAFTINFO` with `{'command': 'GETACIDS'}`


LLM input:GETACIDS
WL820
Aircraft idx: ['QZ221', 'WL820', 'TX821', 'VD322']
Info on QZ221 A380 index = 0
Pos: N30'23'57.0""  E028'16'5.0""
Hdg: 086   Trk: 086
Alt: 32000 ft  V/S: 0 fpm
CAS/TAS/GS: 324/515/515 kts   M: 0.882

Info on WL820 A380 index = 1
Pos: N30'28'30.0""  E028'07'12.0""
Hdg: 000   Trk: 000
Alt: 32000 ft  V/S: 0 fpm
CAS/TAS/GS: 324/515/515 kts   M: 0.882

Info on TX821 A320 index = 2
Pos: N30'28'29.0""  E028'07'48.0""
Hdg: 000   Trk: 000
Alt: 31174 ft  V/S: -1500 fpm
CAS/TAS/GS: 329/515/515 kts   M: 0.878

Info on VD322 A320 index = 3
Pos: N30'28'29.0""  E028'08'24.0""
Hdg: 000   Trk: 000
Alt: 32000 ft  V/S: 0 fpm
CAS/TAS/GS: 324/515/515 kts   M: 0.882


Invoking: `GETCONFLICTINFO` with `{'command': 'SHOWTCPA'}`


Aircraft Pairs in Conflict and their TCPA (sec):
VD322 - WL820 | TCPA: -17.52 sec | QDR: 97.68 deg | Distance: 1.04 Nautical miles | DCPA: 1.03 Nautical miles | tLOS: -632.04 sec
Number of aircraft in conflict: 2

Invoking: `SENDCOMMAND` with `{'command': 'HDG VD322 270'}`


HDG VD322 270
Command executed successfully.
Invoking: `CONTINUEMONITORING` with `{'duration': 5}`


Aircraft Pairs in Conflict and their TCPA (sec):
VD322 - WL820 | TCPA: -13.80 sec | QDR: 206.42 deg | Distance: 1.68 Nautical miles | DCPA: 1.00 Nautical miles | tLOS: -63.58 sec
Number of aircraft in conflict: 2

 After 5 seconds 
Aircraft Pairs in Conflict and their TCPA (sec):
VD322 - WL820 | TCPA: -14.53 sec | QDR: 208.33 deg | Distance: 1.77 Nautical miles | DCPA: 0.99 Nautical miles | tLOS: -63.15 sec
Number of aircraft in conflict: 2

Invoking: `SENDCOMMAND` with `{'command': 'ALT VD322 33000'}`


ALT VD322 33000
Command executed successfully.
Invoking: `GETALLAIRCRAFTINFO` with `{'command': 'GETACIDS'}`


LLM input:GETACIDS
WL820
Aircraft idx: ['QZ221', 'WL820', 'TX821', 'VD322']
Info on QZ221 A380 index = 0
Pos: N30'23'58.0""  E028'50'9.0""
Hdg: 090   Trk: 090
Alt: 32000 ft  V/S: 0 fpm
CAS/TAS/GS: 319/508/508 kts   M: 0.870

Info on WL820 A380 index = 1
Pos: N30'57'53.0""  E028'07'12.0""
Hdg: 000   Trk: 000
Alt: 32000 ft  V/S: 0 fpm
CAS/TAS/GS: 319/508/508 kts   M: 0.870

Info on TX821 A320 index = 2
Pos: N30'55'55.0""  E028'07'48.0""
Hdg: 000   Trk: 000
Alt: 31000 ft  V/S: 0 fpm
CAS/TAS/GS: 297/469/469 kts   M: 0.800

Info on VD322 A320 index = 3
Pos: N30'46'5.0""  E027'53'41.0""
Hdg: 270   Trk: 270
Alt: 33000 ft  V/S: 840 fpm
CAS/TAS/GS: 284/465/465 kts   M: 0.800


Invoking: `GETCONFLICTINFO` with `{'command': 'SHOWTCPA'}`


No conflicts detected.
It seems that all conflicts have been resolved. There is no need to call any more tools. The air traffic control system is now conflict-free.

> Finished chain.
","CRASH: QZ221 and WL820 are 296.2416094847281 meters apart.
CRASH: QZ221 and WL820 are 291.8372735739935 meters apart.
CRASH: QZ221 and WL820 are 287.90502707112836 meters apart.
CRASH: QZ221 and WL820 are 284.4701501493499 meters apart.
CRASH: QZ221 and WL820 are 281.55662416996836 meters apart.
CRASH: QZ221 and WL820 are 279.1866147800143 meters apart.
CRASH: QZ221 and WL820 are 277.3799517745944 meters apart.
CRASH: QZ221 and WL820 are 276.1536322611497 meters apart.
CRASH: QZ221 and WL820 are 275.5213758496819 meters apart.
CRASH: QZ221 and WL820 are 275.4932600605647 meters apart.
CRASH: QZ221 and WL820 are 276.07546055644093 meters apart.
CRASH: QZ221 and WL820 are 277.2701143181903 meters apart.
CRASH: QZ221 and WL820 are 279.07531507131046 meters apart.
CRASH: QZ221 and WL820 are 281.4852403275497 meters apart.
CRASH: QZ221 and WL820 are 284.49039956088876 meters apart.
CRASH: QZ221 and WL820 are 288.0779846499107 meters apart.
CRASH: QZ221 and WL820 are 292.2322977778712 meters apart.
CRASH: QZ221 and WL820 are 296.93522895671055 meters apart."
ac_4_t_formation_1,4,t-formation,single_agent,llama3_70b_8192,0p3,534.1658925000002,14,4,-1,"

> Entering new AgentExecutor chain...

Invoking: `GETALLAIRCRAFTINFO` with `{'command': 'GETACIDS'}`


LLM input:GETACIDS
KL5503
Aircraft idx: ['KL5501', 'KL5503', 'KL5505', 'KL5507']
Info on KL5501 A340 index = 0
Pos: N10'34'34.0""  E010'00'0.0""
Hdg: 180   Trk: 180
Alt: 30000 ft  V/S: 0 fpm
CAS/TAS/GS: 361/551/551 kts   M: 0.934

Info on KL5503 A340 index = 1
Pos: N10'00'0.0""  E010'34'29.0""
Hdg: 270   Trk: 270
Alt: 30000 ft  V/S: 0 fpm
CAS/TAS/GS: 361/551/551 kts   M: 0.934

Info on KL5505 A340 index = 2
Pos: N09'05'21.0""  E010'00'0.0""
Hdg: 000   Trk: 000
Alt: 30000 ft  V/S: 0 fpm
CAS/TAS/GS: 361/551/551 kts   M: 0.934

Info on KL5507 A340 index = 3
Pos: N10'00'0.0""  E009'05'26.0""
Hdg: 090   Trk: 090
Alt: 30000 ft  V/S: 0 fpm
CAS/TAS/GS: 361/551/551 kts   M: 0.934


Invoking: `GETCONFLICTINFO` with `{'command': 'SHOWTCPA'}`


Aircraft Pairs in Conflict and their TCPA (sec):
KL5501 - KL5503 | TCPA: 211.98 sec | QDR: 135.58 deg | Distance: 44.25 Nautical miles | DCPA: 0.45 Nautical miles | tLOS: 188.12 sec
KL5501 - KL5505 | TCPA: 282.16 sec | QDR: 180.00 deg | Distance: 83.29 Nautical miles | DCPA: 0.00 Nautical miles | tLOS: 265.22 sec
KL5503 - KL5507 | TCPA: 211.98 sec | QDR: 315.58 deg | Distance: 44.25 Nautical miles | DCPA: 0.45 Nautical miles | tLOS: 188.12 sec
Number of aircraft in conflict: 4

Invoking: `SENDCOMMAND` with `{'command': 'ALT KL5501 29000'}`


ALT KL5501 29000
Command executed successfully.
Invoking: `GETALLAIRCRAFTINFO` with `{'command': 'GETACIDS'}`


LLM input:GETACIDS
KL5503
Aircraft idx: ['KL5501', 'KL5503', 'KL5505', 'KL5507']
Info on KL5501 A340 index = 0
Pos: N10'24'36.0""  E010'00'0.0""
Hdg: 180   Trk: 180
Alt: 29434 ft  V/S: -1500 fpm
CAS/TAS/GS: 338/515/515 kts   M: 0.872

Info on KL5503 A340 index = 1
Pos: N10'00'0.0""  E010'24'23.0""
Hdg: 270   Trk: 270
Alt: 30000 ft  V/S: 0 fpm
CAS/TAS/GS: 333/513/513 kts   M: 0.870

Info on KL5505 A340 index = 2
Pos: N09'15'18.0""  E010'00'0.0""
Hdg: 000   Trk: 000
Alt: 30000 ft  V/S: 0 fpm
CAS/TAS/GS: 333/513/513 kts   M: 0.870

Info on KL5507 A340 index = 3
Pos: N10'00'0.0""  E009'15'32.0""
Hdg: 090   Trk: 090
Alt: 30000 ft  V/S: 0 fpm
CAS/TAS/GS: 333/513/513 kts   M: 0.870


Invoking: `GETCONFLICTINFO` with `{'command': 'SHOWTCPA'}`


Aircraft Pairs in Conflict and their TCPA (sec):
KL5503 - KL5507 | TCPA: 211.72 sec | QDR: 270.00 deg | Distance: 60.31 Nautical miles | DCPA: 0.00 Nautical miles | tLOS: 194.16 sec
KL5505 - KL5507 | TCPA: 284.50 sec | QDR: 315.62 deg | Distance: 57.31 Nautical miles | DCPA: 0.62 Nautical miles | tLOS: 259.87 sec
Number of aircraft in conflict: 3

Invoking: `SENDCOMMAND` with `{'command': 'HDG KL5507 090'}`


HDG KL5507 090
Command executed successfully.
Invoking: `GETALLAIRCRAFTINFO` with `{'command': 'GETACIDS'}`


LLM input:GETACIDS
KL5503
Aircraft idx: ['KL5501', 'KL5503', 'KL5505', 'KL5507']
Info on KL5501 A340 index = 0
Pos: N10'11'38.0""  E010'00'0.0""
Hdg: 180   Trk: 180
Alt: 29000 ft  V/S: 0 fpm
CAS/TAS/GS: 341/515/515 kts   M: 0.870

Info on KL5503 A340 index = 1
Pos: N10'00'0.0""  E010'11'16.0""
Hdg: 270   Trk: 270
Alt: 30000 ft  V/S: 0 fpm
CAS/TAS/GS: 333/513/513 kts   M: 0.870

Info on KL5505 A340 index = 2
Pos: N09'28'13.0""  E010'00'0.0""
Hdg: 000   Trk: 000
Alt: 30000 ft  V/S: 0 fpm
CAS/TAS/GS: 333/513/513 kts   M: 0.870

Info on KL5507 A340 index = 3
Pos: N10'00'0.0""  E009'28'39.0""
Hdg: 090   Trk: 090
Alt: 30000 ft  V/S: 0 fpm
CAS/TAS/GS: 333/513/513 kts   M: 0.870


Invoking: `GETCONFLICTINFO` with `{'command': 'SHOWTCPA'}`


Aircraft Pairs in Conflict and their TCPA (sec):
KL5503 - KL5507 | TCPA: 113.72 sec | QDR: 270.00 deg | Distance: 32.39 Nautical miles | DCPA: 0.00 Nautical miles | tLOS: 96.16 sec
KL5505 - KL5507 | TCPA: 186.42 sec | QDR: 315.96 deg | Distance: 37.55 Nautical miles | DCPA: 0.63 Nautical miles | tLOS: 161.80 sec
Number of aircraft in conflict: 3

Invoking: `SENDCOMMAND` with `{'command': 'HDG KL5505 045'}`


HDG KL5505 045
Command executed successfully.
Invoking: `GETALLAIRCRAFTINFO` with `{'command': 'GETACIDS'}`


LLM input:GETACIDS
KL5503
Aircraft idx: ['KL5501', 'KL5503', 'KL5505', 'KL5507']
Info on KL5501 A340 index = 0
Pos: N09'55'48.0""  E010'00'0.0""
Hdg: 180   Trk: 180
Alt: 29000 ft  V/S: 0 fpm
CAS/TAS/GS: 341/515/515 kts   M: 0.870

Info on KL5503 A340 index = 1
Pos: N10'00'0.0""  E009'55'15.0""
Hdg: 270   Trk: 270
Alt: 30000 ft  V/S: 0 fpm
CAS/TAS/GS: 333/513/513 kts   M: 0.870

Info on KL5505 A340 index = 2
Pos: N09'43'35.0""  E010'01'46.0""
Hdg: 038   Trk: 038
Alt: 30000 ft  V/S: 0 fpm
CAS/TAS/GS: 333/513/513 kts   M: 0.870

Info on KL5507 A340 index = 3
Pos: N10'00'0.0""  E009'44'39.0""
Hdg: 090   Trk: 090
Alt: 30000 ft  V/S: 0 fpm
CAS/TAS/GS: 333/513/513 kts   M: 0.870


Invoking: `GETCONFLICTINFO` with `{'command': 'SHOWTCPA'}`


Aircraft Pairs in Conflict and their TCPA (sec):
KL5503 - KL5507 | TCPA: -5.28 sec | QDR: 90.00 deg | Distance: 1.50 Nautical miles | DCPA: 0.00 Nautical miles | tLOS: -22.84 sec
Number of aircraft in conflict: 2

Invoking: `SENDCOMMAND` with `{'command': 'ALT KL5507 29000'}`


ALT KL5507 29000
Command executed successfully.
Invoking: `GETALLAIRCRAFTINFO` with `{'command': 'GETACIDS'}`


LLM input:GETACIDS
KL5503
Aircraft idx: ['KL5501', 'KL5503', 'KL5505', 'KL5507']
Info on KL5501 A340 index = 0
Pos: N09'36'58.0""  E010'00'0.0""
Hdg: 180   Trk: 180
Alt: 29000 ft  V/S: 0 fpm
CAS/TAS/GS: 341/515/515 kts   M: 0.870

Info on KL5503 A340 index = 1
Pos: N10'00'0.0""  E009'36'13.0""
Hdg: 270   Trk: 270
Alt: 30000 ft  V/S: 0 fpm
CAS/TAS/GS: 333/513/513 kts   M: 0.870

Info on KL5505 A340 index = 2
Pos: N09'56'53.0""  E010'15'11.0""
Hdg: 045   Trk: 045
Alt: 30000 ft  V/S: 0 fpm
CAS/TAS/GS: 333/513/513 kts   M: 0.870

Info on KL5507 A340 index = 3
Pos: N10'00'0.0""  E010'03'43.0""
Hdg: 090   Trk: 090
Alt: 29000 ft  V/S: -915 fpm
CAS/TAS/GS: 341/515/515 kts   M: 0.870


Invoking: `GETCONFLICTINFO` with `{'command': 'SHOWTCPA'}`


No conflicts detected.
It seems that all conflicts have been resolved. No further action is needed.

> Finished chain.
","CRASH: KL5503 and KL5507 are 247.2767406492209 meters apart.
CRASH: KL5503 and KL5507 are 194.524539295429 meters apart.
CRASH: KL5503 and KL5507 are 141.77233794153344 meters apart.
CRASH: KL5503 and KL5507 are 89.0201365875623 meters apart.
CRASH: KL5503 and KL5507 are 36.267935233543724 meters apart.
CRASH: KL5503 and KL5507 are 16.484266120494183 meters apart.
CRASH: KL5503 and KL5507 are 69.2364674745233 meters apart.
CRASH: KL5503 and KL5507 are 121.98866882851551 meters apart.
CRASH: KL5503 and KL5507 are 174.74087018244273 meters apart.
CRASH: KL5503 and KL5507 are 227.49307153627686 meters apart.
CRASH: KL5503 and KL5507 are 280.2452728899897 meters apart."
